2026/10/08 17:55:10.328, 0 %, 81.50 W, 2610 MHz
2026/10/08 17:55:12.360, 100 %, 508.27 W, 2827 MHz
2026/10/08 17:55:14.397, 100 %, 462.80 W, 2775 MHz
2026/10/08 17:55:16.432, 100 %, 514.08 W, 2827 MHz
2026/10/08 17:55:18.469, 100 %, 472.17 W, 2827 MHz
2026/10/08 17:55:20.504, 100 %, 515.99 W, 2827 MHz
2026/10/08 17:55:22.541, 100 %, 517.37 W, 2827 MHz
2026/10/08 17:55:24.579, 99 %, 511.74 W, 2835 MHz
2026/10/08 17:55:26.614, 100 %, 521.62 W, 2827 MHz
2026/10/08 17:55:28.654, 100 %, 471.38 W, 2797 MHz
2026/10/08 17:55:30.692, 100 %, 523.98 W, 2812 MHz
2026/10/08 17:55:32.728, 100 %, 460.45 W, 2812 MHz
2026/10/08 17:55:34.767, 100 %, 527.05 W, 2812 MHz
2026/10/08 17:55:36.804, 100 %, 527.86 W, 2812 MHz
2026/10/08 17:55:38.842, 100 %, 523.01 W, 2820 MHz
2026/10/08 17:55:40.877, 100 %, 530.74 W, 2812 MHz
2026/10/08 17:55:42.916, 98 %, 490.54 W, 2760 MHz
2026/10/08 17:55:44.953, 100 %, 536.35 W, 2812 MHz
2026/10/08 17:55:46.991, 100 %, 487.37 W, 2812 MHz
2026/10/08 17:55:49.028, 100 %, 538.03 W, 2812 MHz
2026/10/08 17:55:51.067, 100 %, 537.58 W, 2812 MHz
2026/10/08 17:55:53.104, 100 %, 540.30 W, 2812 MHz
2026/10/08 17:55:55.141, 100 %, 541.72 W, 2812 MHz
2026/10/08 17:55:57.180, 100 %, 505.93 W, 2767 MHz
2026/10/08 17:55:59.215, 100 %, 544.04 W, 2797 MHz
2026/10/08 17:56:01.251, 100 %, 484.29 W, 2797 MHz
2026/10/08 17:56:03.288, 100 %, 547.17 W, 2797 MHz
2026/10/08 17:56:05.328, 100 %, 546.98 W, 2797 MHz
2026/10/08 17:56:07.364, 92 %, 537.14 W, 2805 MHz
2026/10/08 17:56:09.400, 100 %, 589.67 W, 2677 MHz
2026/10/08 17:56:11.437, 100 %, 593.40 W, 2670 MHz
2026/10/08 17:56:13.475, 100 %, 593.68 W, 2670 MHz
2026/10/08 17:56:15.512, 100 %, 594.55 W, 2670 MHz
2026/10/08 17:56:17.551, 100 %, 558.54 W, 2670 MHz
2026/10/08 17:56:19.587, 100 %, 596.47 W, 2670 MHz
2026/10/08 17:56:21.622, 59 %, 548.03 W, 2745 MHz
2026/10/08 17:56:23.662, 100 %, 599.83 W, 2655 MHz
2026/10/08 17:56:25.700, 100 %, 600.54 W, 2655 MHz
2026/10/08 17:56:27.737, 100 %, 599.49 W, 2662 MHz
2026/10/08 17:56:29.772, 100 %, 600.36 W, 2655 MHz
2026/10/08 17:56:31.806, 100 %, 575.03 W, 2655 MHz
2026/10/08 17:56:33.843, 100 %, 600.38 W, 2640 MHz
2026/10/08 17:56:35.879, 100 %, 565.19 W, 2685 MHz
2026/10/08 17:56:37.915, 100 %, 600.59 W, 2632 MHz
2026/10/08 17:56:39.954, 100 %, 599.94 W, 2647 MHz
2026/10/08 17:56:41.992, 100 %, 600.40 W, 2632 MHz
2026/10/08 17:56:44.027, 100 %, 600.46 W, 2625 MHz
2026/10/08 17:56:46.064, 100 %, 566.26 W, 2632 MHz
2026/10/08 17:56:48.100, 100 %, 600.15 W, 2617 MHz
2026/10/08 17:56:50.138, 100 %, 575.80 W, 2707 MHz
2026/10/08 17:56:52.177, 100 %, 600.22 W, 2625 MHz
2026/10/08 17:56:54.215, 100 %, 600.33 W, 2617 MHz
2026/10/08 17:56:56.250, 100 %, 601.08 W, 2617 MHz
2026/10/08 17:56:58.287, 100 %, 600.32 W, 2617 MHz
2026/10/08 17:57:00.322, 100 %, 575.18 W, 2617 MHz
2026/10/08 17:57:02.359, 100 %, 599.80 W, 2610 MHz
2026/10/08 17:57:04.395, 69 %, 571.83 W, 2767 MHz
2026/10/08 17:57:06.433, 100 %, 600.44 W, 2610 MHz
2026/10/08 17:57:08.471, 100 %, 599.77 W, 2617 MHz
2026/10/08 17:57:10.507, 100 %, 601.62 W, 2610 MHz
2026/10/08 17:57:12.542, 100 %, 600.02 W, 2602 MHz
2026/10/08 17:57:14.579, 100 %, 586.00 W, 2610 MHz
2026/10/08 17:57:16.616, 100 %, 600.30 W, 2610 MHz
2026/10/08 17:57:18.655, 100 %, 562.09 W, 2662 MHz
2026/10/08 17:57:20.693, 100 %, 600.17 W, 2602 MHz
2026/10/08 17:57:22.730, 100 %, 599.77 W, 2617 MHz
